section,BA_drop,BA_masked,Recall_drop,F1_drop
education,0.02631578947368418,0.5,0.05263157894736842,0.1
skills,0.02631578947368418,0.5,0.05263157894736842,0.1
work,0.0,0.5263157894736842,0.0,0.0
international,0.0,0.5263157894736842,0.0,0.0
languages,0.0,0.5263157894736842,0.0,0.0
other,0.0,0.5263157894736842,0.0,0.0
volunteer,0.0,0.5263157894736842,0.0,0.0
Dense Features,0.0,0.5263157894736842,0.0,0.0
